INSERT INTO Department 
VALUES  ('1', 'Human resources'),
        ('2', 'Sales'),
        ('3', 'IT'),
        ('4', 'Customer service'),
        ('5', 'Marketing')
;

INSERT INTO Position 
VALUES  ('1', 'Department head'),
        ('2', 'Team leader'),
        ('3', 'Senior'),
        ('4', 'Junior'),
        ('5', 'Intern')
;

INSERT INTO Job 
VALUES  ('1', '1000', '1','1'),
        ('2', '600', '2','1'),
        ('3', '400', '3','1'),
        ('4', '300', '4','1'),
        ('5', '100', '5','1'),
        ('6', '1000', '1','2'),
        ('7', '600', '2','2'),
        ('8', '400', '3','2'),
        ('9', '300', '4','2'),
        ('10', '100', '5','2'),
        ('11', '1000', '1','3'),
        ('12', '600', '2','3'),
        ('13', '400', '3','3'),
        ('14', '300', '4','3'),
        ('15', '100', '5','3'),
        ('16', '1000', '1','4'),
        ('17', '600', '2','4'),
        ('18', '400', '3','4'),
        ('19', '300', '4','4'),
        ('20', '100', '5','4'),
        ('21', '1000', '1','5'),
        ('22', '600', '2','5'),
        ('23', '400', '3','5'),
        ('24', '300', '4','5'),
        ('25', '100', '5','5')
;


INSERT INTO Account
VALUES ('1','headhr','password'),
        ('2','hr1','password'),
        ('3','hr2','password'),
        ('4','hr3','password'),
        ('5','hr4','password'),
        ('6','headsales','password'),
        ('7','sale1','password'),
        ('8','sale2','password'),
        ('9','sale3','password'),
        ('10','sale4','password'),
;



INSERT INTO Employee
VALUES  ('1', 'Erik', '0123456789', '1', '2024-11-27', '1', '1',),
        ('2', 'Erika', '1123456789', '1' ,'2024-11-27', '2', '2'),
        ('3', 'Eureka', '2123456789', '1' ,'2024-11-27', '3', '3'),
        ('4', 'Yaguchi', '3123456789', '1' ,'2024-11-27', '4', '4'),
        ('5', 'Nguyen', '4123456789', '1' ,'2024-11-27', '5', '5'),
        ('6', 'John Doe', '5123456789', '1' ,'2024-11-27', '6', '6'),
        ('7', 'Jane Doe', '6123456789', '1' ,'2024-11-27', '7', '7'),
        ('8', 'John Doe', '5123456789', '1' ,'2024-11-27', '8', '8'),
        ('9', 'John Doe', '5123456789', '1' ,'2024-11-27', '9', '9'),
        ('10', 'John Doe', '5123456789', '1' ,'2024-11-27', '10', '10')
;


INSERT INTO Attendance (attendance_date,attendance_employee_id)
VALUES  ('2024-11-27', '1'),
        ('2024-11-28', '1'),
        ('2024-11-29', '1'),
        ('2024-11-30', '1'),
        ('2024-12-1', '1'),
        ('2024-11-28', '2'),
        ('2024-11-29', '2'),
        ('2024-11-30', '2'),
        ('2024-12-1', '2'),
        ('2024-11-28', '3'),
        ('2024-11-29', '3'),
        ('2024-11-30', '3'),
        ('2024-12-1', '3'),
        ('2024-11-28', '4'),
        ('2024-11-29', '4'),
        ('2024-11-30', '4'),
        ('2024-12-1', '4'),
        ('2024-11-28', '5'),
        ('2024-11-29', '5'),
        ('2024-11-30', '5'),
        ('2024-12-1', '5'),
        ('2024-11-28', '6'),
        ('2024-11-29', '6'),
        ('2024-11-30', '6'),
        ('2024-12-1', '6'),
        ('2024-11-28', '7'),
        ('2024-11-29', '7'),
        ('2024-11-30', '7'),
        ('2024-12-1', '7'),
        ('2024-11-28', '8'),
        ('2024-11-29', '8'),
        ('2024-11-30', '8'),
        ('2024-12-1', '8'),
        ('2024-11-28', '9'),
        ('2024-11-29', '9'),
        ('2024-11-30', '9'),
        ('2024-12-1', '9'),
        ('2024-11-28', '10'),
        ('2024-11-29', '10'),
        ('2024-11-30', '10'),
        ('2024-12-1', '10'),
        ('2024-12-2', '10'),
        ('2024-12-3', '10'),
        ('2024-12-4', '10'),
        ('2024-12-5', '10')
;

INSERT INTO payroll (payroll_date, payroll_status, payroll_employee_id)
VALUES ('2024-11-1', 'paid', '1'),
        ('2024-11-1', 'paid', '2'),
        ('2024-11-1', 'paid', '3'),
        ('2024-11-1', 'paid', '4'),
        ('2024-11-1', 'paid', '5'),
        ('2024-11-1', 'paid', '6'),
        ('2024-11-1', 'paid', '7'),
        ('2024-11-1', 'paid', '8'),
        ('2024-11-1', 'paid', '9'),
        ('2024-11-1', 'paid', '10'),
        ('2024-12-1', 'pending', '1'),
        ('2024-12-1', 'pending', '2'),
        ('2024-12-1', 'pending', '3'),
        ('2024-12-1', 'pending', '4'),
        ('2024-12-1', 'pending', '5'),
        ('2024-12-1', 'pending', '6'),
        ('2024-12-1', 'pending', '7'),
        ('2024-12-1', 'pending', '8'),
        ('2024-12-1', 'pending', '9'),
        ('2024-12-1', 'pending', '10'),
;

